title,tag,desc,temp_link
Research Studio,Productivity,"Research Studio was created to help small businesses with limited UX and marketing budgets automate research analysis. It cuts user and customer research time by almost 2 thirds, providing an affordable solution without sacrificing quality.",https://researchstudio.ai/?via=aitoolsdirectory-com
DeepBrain,Video Generation,Generate AI avatar videos in minutes by inputting a script and utilizing the Text-to-Speech feature in over 80 languages. Choose from prebuilt video templates and create professional videos using the user-friendly online video editor.,https://www.deepbrain.io/features/ai-video-editor?ref=aitoolsdirectory
Taskade,Productivity,"Multiple tools in one. A productivity powerhouse that unifies task management and workflow creation into a sleek tool, offering dynamic workspace formats, intelligent note-taking, and a diligent AI assistant for your professional life.",https://link.aitoolsdirectory.com/taskade
guidde,Productivity,"Improve business storytelling with stunning onboarding documents, FAQs, and video documentation. Use personalized voice and language selections and auto-generate easy-to-follow workflow descriptions for all your support queries.",https://link.aitoolsdirectory.com/guidde
Adobe Firefly,Generative Art,"Adobe Firefly offers a versatile, creator-focused Generative AI for content creation and editing across various mediums. Generating custom vectors, brushes, and textures with just a few words or a sketch",https://link.aitoolsdirectory.com/firefly
2short.ai,Video Editing,"2short.ai effortlessly converts YouTube videos into engaging shorts featuring AI-generated captions, maximizing reach and growing your channel, while the algorithm promotes shorts and AI handles the editing hassle, all for free.",https://link.aitoolsdirectory.com/2shortai
VEED,Video Generation,"VEED's AI Video transforms storytelling—no camera needed. With a mix of AI tools, stock media, and diverse editing features for easy, high-quality content, you can create professional-grade videos in minutes.",https://link.aitoolsdirectory.com/veed
ContentShake,Marketing,"An SEO-focused, reliable AI content writing assistant backed by SEMrush. Get content ideas, optimize copy with AI, and publish directly to WordPress. Become an expert on any topic without reading all the books.",https://link.aitoolsdirectory.com/semrush-contentshake
Recast Studio,Podcasting,"Recast Studio transforms podcast content into short video clips, blog posts, social posts, SEO & social media content, and more. Get better content with your brand's aesthetics faster. Turn podcasts into viral highlights.",https://link.aitoolsdirectory.com/recaststudio
Submagic,Video Editing,"Add life to your videos with accurate transcriptions in 48 languages, trendy templates, enhanced captions with emojis and keyword highlights—all at the touch of a button. It's like waving a magic wand for global content creation",https://link.aitoolsdirectory.com/submagic
RankIQ,SEO,"A comprehensive SEO Toolset with AI baked in. RankIQ is the highest-rated SEO tool in the world that helps you craft perfectly optimized posts, boost traffic, and win Google's love.",https://link.aitoolsdirectory.com/rankiq
Mr Scraper,Productivity,"MrScraper AI is the ultimate tool for website directory builders, ecommerce owners, data brokers, scientists, and analysts. With rich language models, flexible scrapers, and automatic structure understanding, data extraction becomes effortless. The visual schedule builder, integrated data parser, and API integration make it versatile and powerful.",https://link.aitoolsdirectory.com/mrscraper
TeacherMatic,Education,"AI-fueled teacher-designed platform improving education by automating resource generation, lesson planning, and assessment creation, while ensuring quality and relevance.",https://link.aitoolsdirectory.com/teachermatic
OpusClip,Social Media,"Transform your videos into engaging shorts with OpusClip's AI-powered tools. Its unique technology identifies key segments, provides viral potential scores, allows keyword-based clipping, and enhances content with emojis and keywords. Ideal for various video types, it supports multiple languages.",https://link.aitoolsdirectory.com/opusclip
SiteGPT,Chat,"Upgrade your website experience with a chatbot that truly understands your content, effortlessly created using SiteGPT. Get a knowledgeable and engaging AI assistant for your visitors",https://link.aitoolsdirectory.com/sitegpt
Copy AI,Copywriting,Chat by Copy.ai is probably the best AI content writing software thanks to some unique and incredibly useful features. Real-time data helps research and create long form content. Add your brand voice and improve content in seconds. Rewrite entire paragraphs with a click.,https://link.aitoolsdirectory.com/copyai
Reword,Copywriting,"Reword combines AI, collaboration, and research tools to create engaging content, further enhanced with seamless WordPress integration for automatic syncing and updates.",https://link.aitoolsdirectory.com/reword
Merlin,Chat,"A versatile ChatGPT extension that offers AI assistance for tasks such as creating engaging social media content, summarizing lengthy videos or blogs, providing on-demand help, responding to Google queries, and crafting effective emails.",https://link.aitoolsdirectory.com/merlin
HomeDesignsAI,Generative Art,"Discover limitless home design possibilities with HomeDesignsAI. Get inspiration and efficient design solutions from photos of your home or proprety. Quickly reimagine interiors, exteriors, gardens, patios, and terraces using AI and 40+ design styles",https://link.aitoolsdirectory.com/homedesigns
Text Cortex,Copywriting,"Generate copy for marketing, sales, and websites in your browser. Summarize pages in seconds. Fix grammar issues and and speed up your writing process. Integrate with 1000+ platforms.",https://link.aitoolsdirectory.com/textcortex
Framer,Marketing,"Create elegant, responsive websites from a simple prompt. With a built-in AI copywriter, personalized themes, and intuitive customization features, it effortlessly transforms raw ideas into digital masterpieces.",https://www.framer.com/ai?via=ffmedia&fp_sid=aitools
Motion,Productivity,"Motion is an AI-powered personal assistant app that optimizes your schedule, manages tasks, streamlines project tracking, and arranges meetings efficiently, focusing on productivity and minimized interruptions.",https://link.aitoolsdirectory.com/motion
PromptPal,Productivity,"Innovative tools to help users create engaging prompts for AI platforms like ChatGPT, making their interactions more effective, enjoyable, and geared towards productivity",https://link.aitoolsdirectory.com/promptpal
HEIGHTS AI,Education,"Your course creation copilot. Generate an entire course draft instantly, get catchy title ideas, compelling descriptions, and chat with the AI about improvements, SEO, and growth strategies",https://link.aitoolsdirectory.com/heights
Klap,Video Editing,"Klap transforms your YouTube content into digestible short videos for TikToks, Reels, and more using AI. With a unique focus on curation, framing, captions, and style, it ensures rapid, ready-to-publish video generation.",https://link.aitoolsdirectory.com/klap
Marketmuse,SEO,"MarketMuse is a content optimization tool that uses artificial intelligence to help SEO professionals create well-crafted, SEO-focused articles that can rank high on search engine results pages.",https://link.aitoolsdirectory.com/marketmuse
Manatal,Recruitment,"Recruitment software solution Manatal.com provides organizations with a variety of AI-based tools to facilitate candidate sourcing, tracking, and hiring.",https://link.aitoolsdirectory.com/manatal
Decktopus,Productivity,"AI-driven, one-click presentation wizard that personalizes slides, streamlines layouts, and enriches content for standout results.",https://link.aitoolsdirectory.com/decktopus
Looka,Graphic Design,"Looka leverages AI to create unique, customizable logo designs that reflect your brand's individuality and can be vividly projected onto various merchandise. No specialist technical design skills required.",https://link.aitoolsdirectory.com/looka
Nekton AI,Marketing,"Automate day-to-day business and personal tasks with Nekton AI's plain English workflow. Integrate with thousands of services, build product prototypes, collect user feedback, customize automation tasks, and mix manual and automated steps.",https://link.aitoolsdirectory.com/nekton
Fliki AI,Generative Video,"Create high-quality videos without compromising on speed and quality. With Fliki, you’ll be able to quickly create videos from blog articles using realistic human-like voices in 75+ languages and 100+ dialects with branded subtitles",https://link.aitoolsdirectory.com/fliki
Murf,Text-to-Voice,"Voice generator for professional-quality audio. Use Murf's lifelike AI voices for podcasts, videos, and all your professional presentations.",https://link.aitoolsdirectory.com/murf
tinyEinstein,Marketing,"Marketing automation, messaging, and pro-level email marketing with tailor-made templates, one-click complex automations, and automatic email capture for Shopify store owners.",https://link.aitoolsdirectory.com/tinyeinstein
Play.ht,Text-to-Voice,"Transform your text into natural-sounding speech. Create voiceovers for videos, podcasts, & e-learning and use the Text to Speech API to integrate voice synthesis into your applications.",https://link.aitoolsdirectory.com/playht
Clickup,Productivity,"ClickUp AI is an intelligent assistant that simplifies complex work processes by streamlining each step of the task, writing content and task details, and adding structure to your documents.",https://link.aitoolsdirectory.com/clickup
Plagiashield,AI Detection,"A plagiarism checker with a specialized ChatGPT detection Chrome extension. Monitor thousands of web pages, identify copycats, and generate DMCA notices to remove infringing material instantly.",https://link.aitoolsdirectory.com/plagiashield
WellSaid Labs,Audio,"AI-based voice generator, effortlessly converts text into speech, offering versatile and captivating voiceovers. Widely trusted, including by industry giants such as Boeing and Peloton, it facilitates multi-collaborator updates, mimics human speech nuances for natural sounding voiceovers.",https://link.aitoolsdirectory.com/wellsaid
Munch,Video Editing,"Munch extracts the most engaging, contextual nuggets from long-form content and presents them as catchy, shareable clips. It uses GPT3, OCR, and NLP to analyze the clip's content and match it with social and marketing trends.",https://link.aitoolsdirectory.com/munch
MosaChat-AI,Education,"MosaChat-AI is an intelligent tutor that allows you to practice languages in real time, giving you feedback on your mistakes and helping you improve your language skills faster.",https://link.aitoolsdirectory.com/mosachat-ai
Rask,Video Editing,"Rask is an AI-powered platform that makes video localization easy. You can add voiceovers, subtitles, and dubbing in multiple languages with accurate translations, saving time and effort.",https://link.aitoolsdirectory.com/rask
Surfer SEO,SEO,"SERP-winning content writing with a click. From researching to optimizing articles—it's about driving traffic. Customize, refine, and improve your work with AI. Write and optimize your content in any language, leveraging real-time metrics for structure, word count, NLP-ready keywords, and images.",https://link.aitoolsdirectory.com/surferseo
Squirrly SEO,SEO,"An an all-in-one SEO plugin for WordPress with a new AI content creation feature that builds prompts based on context, right inside of WordPress. You also get keyword research, content optimization, SEO optimization features, technical SEO fixes and suggestions, site audits, rank tracking, and more.",https://link.aitoolsdirectory.com/squirrlyseo
Chaindesk,Chat,"Chaindesk offers a unique, no-code, AI chatbot solution customized to your specific data for improved business operations. Have intelligent interactions with your documents and offer multilingual support to customers.",https://link.aitoolsdirectory.com/chaindesk
Beehiiv,Marketing,"Beehiiv is a rapidly growing newsletter platform with powerful AI features for content creation, newsletter personalization, and productivity. Create content automation workflows and optimize for diverse audiences.",https://www.beehiiv.com/create/ai?via=aitools
Pixlr,Image Editing,"Pixlr is an advanced, web-based graphic design and photo editor with AI-powered features to help you create pro graphics and designs quickly. Remove backgrounds, adjust the look, remove blemishes, and turn your photos into painted ar",https://link.aitoolsdirectory.com/pixlr
tl;dv,Productivity,"Streamline your meetings and enhance collaboration with tl;dv's automated recording, transcription, and summarization features. Capture and document important points from every meeting.",https://link.aitoolsdirectory.com/tldv
Katteb,Copywriting,"Katteb AI writer verifies information in advance of writing and is capable of covering current affairs. And with the chat feature, you can write content based on real-time data from the internet or YouTube videos. Use saved snippets or uploads to write about specific topics or content based on URLs.",https://link.aitoolsdirectory.com/katteb
Easy Peasy,Copywriting,"Easy content and image creation with a GPT-4 chatbot which intelligently interacts, fetches URLs, and transcribes speech with precision, offering a slick AI-enhanced digital experience.",https://link.aitoolsdirectory.com/easypeasy
SE Ranking,SEO,"SE Ranking's AI-powered assistant helps SEO experts, marketers, copywriters, and website owners create SEO-friendly content faster. The AI Writer can paraphrase competitors' content, while the Content Idea Finder and Content Editor provide in-depth keyword analysis and content optimization capabilities.",https://link.aitoolsdirectory.com/seranking
Originality AI,AI Detection,The world's first AI Detector and Plagiarism Checker for content and entire websites. Find out if your content was created using artificial intelligence tools and identify any plagiarism.,https://link.aitoolsdirectory.com/originalityai
Semrush outline builder,SEO,"By combining AI and SEO insights, Semrush's Outline Builder helps craft high-ranking content. With its ready-to-use suggestions, outlines, competitor analyses, and detailed briefs, it simplifies content creation.",https://link.aitoolsdirectory.com/semrush-outline
ContentStudio AI Bot,Social Media,"ContentStudio’s AI Writer simplifies social media content creation with its automated scheduling, discovery and creation tools. It generates engaging captions for images; corrects grammar; adds emojis to hashtags; creates brand-aligned images from scratch & enhances existing content",https://link.aitoolsdirectory.com/contentstudio
Notion AI,Productivity,Notion's AI writing assistant is already embedded in the world's most popular productivity app. It can write entire blog posts or brainstorm ideas. And the AI's capabilities will expand to project management and other areas of productivity and workflow later.,https://link.aitoolsdirectory.com/notion
CourseAI,Marketing,"Build an online course with an AI assistant that does topic generation, niche selection, module content creation, and quiz generation. Enhance your course with video scripts, voice-overs, and marketing tools automatically.",https://link.aitoolsdirectory.com/courseai
10Web,Marketing,"10Web's AI Website builder and AI content Assistant help you build a website and populate it with high quality, plagiarism-free content thanks to GPT-3 and other large language models.",https://link.aitoolsdirectory.com/10web
Tweet Hunter,Social Media,"Let AI analyze your tweets, edit your content, rewrite winning tweets, and automatically schedule the best stuff. Get access to millions of viral tweets, AI-powered content suggestions, and advanced scheduling and automation tools.",https://link.aitoolsdirectory.com/tweethunter
Anyword,Marketing,"Tailored, data-driven content for impressive results. Generative writing and ad copy with personalized results. And Anyword's Chrome extension lets you take your audience and performance data anywhere—to ChatGPT, Notion AI (and other APIs) with just one click.",https://link.aitoolsdirectory.com/anyword
HoppyCopy,Marketing,Write better emails faster with HoppyCoppy's AI Copy Editor. Generate powerful content for hundreds of campaigns. Get unique ideas and attention-grabbing headlines. Create visually stunning newsletters.,https://link.aitoolsdirectory.com/hoppycopy
Remove BG,Image Editing,"Thanks to remove.bg's clever artificial intelligence, you can quickly and easily remove backgrounds from images in 5 seconds or less.",https://link.aitoolsdirectory.com/removebg
Podcastle,Podcasting,"Create pro level podcasts with AI-powered editing, AI text-to-speech, auto-leveling, audio transcriptions, and seamless exporting.",https://link.aitoolsdirectory.com/podcastle
Profile Picture AI,Social Media,Profile Picture AI utilizes artificial intelligence to produce customized and visually appealing images for online identity based on inputs such as uploaded photographs and user preferences. Look amazing on the internet.,https://link.aitoolsdirectory.com/profilepicture
Klap,Video Editing,"Klap transforms your YouTube content into digestible short videos for TikToks, Reels, and more using AI. With a unique focus on curation, framing, captions, and style, it ensures rapid, ready-to-publish video generation.",https://link.aitoolsdirectory.com/klap
Elementor AI,Marketing,"Elementor AI is the first to natively integrate AI into a website page builder. Generate original text, custom code, and captivating images inside your WordPress website. The tool offers context-specific suggestions, making branding consistent and automating measurements.",https://link.aitoolsdirectory.com/elementor-ai
Shuffll,Generative Video,"Shuffll turns your video concept into a compelling story, using AI to provide an efficient script in no time. Shuffll harnesses the power of AI for superb visuals and animations—and engages audiences more powerfully than ever before!",https://link.aitoolsdirectory.com/shuffll
Browse AI,Automation,"Browse AI simplifies data extraction from websites. No coding required, it allows you to scrape data, monitor changes, integrate with other apps, schedule extraction, create APIs, and automate complex processes.",https://link.aitoolsdirectory.com/browseai
TubeBuddy,Video Generation,"TubeBuddy's Suggested Shorts tool is an AI sidekick that combs through your existing videos, cherry-picking the most engaging bits for you to repurpose into YouTube Shorts.",https://link.aitoolsdirectory.com/tubebuddy
Process AI,Productivity,"Transform manual processes into AI-driven workflows effortlessly with Process AI. Lightning-fast generation, personalized tasks, data analysis, and seamless integration make workflow management easy.",https://link.aitoolsdirectory.com/process-st
Hubspot AI,Marketing,"Hubspot CRM's AI platform and new GPT-3 chat tools makes it easy to optimize content at scale, create new content, discover new leads, perform complex reporting, and write Ogilvy-level marketing campaigns and emails",https://link.aitoolsdirectory.com/hubspot-ai
SudoWrite,Copywriting,"Write blog posts faster than before or get your novel or screenplay written with a data-driven muse. Sudowrite specializes in immersive descriptions, scene expansion, draft completion, and simplifying sentence revisions. Features include voice-matching content generation, grammar check, interactive feedback, word discovery, and planning tools like Canvas.",https://link.aitoolsdirectory.com/sudowrite
Analisa,Social Media,"Analisa's Instagram and TikTok AI-analytics tools provides insights into the performance of users' social media accounts, including follower growth, post engagement, and influencer identification.",https://link.aitoolsdirectory.com/analisa
Typing Mind,Chat,"TypingMind, an AI-enhanced tool, marries a superior user interface with ChatGPT's capabilities, offering features like ""chat with PDF"", custom saved prompts, web search, local chat history storage, and the ability to switch AI models instantly.",https://link.aitoolsdirectory.com/typingmind
Frase,Copywriting,"Research keywords, create content briefs and templates, write and optimize your articles. Create custom AI templates and pre-made SEO-focused tools to win at content marketing. Find industry-specific data points relevant to your topic and inject them into relevant content.",https://link.aitoolsdirectory.com/frase
Writesonic,Copywriting,"Writesonic's new on-brand AI writer meticulously mirrors your brand's voice while delivering fact-checked, SEO-friendly content, all with a no-plagiarism guarantee. . The unlimited plan is 20% cheaper than ChatGPT and 50% cheaper than Jasper.",https://link.aitoolsdirectory.com/writesonic-aiwriter
InLinks,SEO,"Awarded the Best AI-Driven SEO Tool of 2021, InLinks automates internal links, implements schema markup, and performs intelligent content audits. InLinks AI writing assistant helps you write cotnent, prioritize drafts, interlink current topics, and audit the current content and suggest improvements.",https://link.aitoolsdirectory.com/inlinks
Quizgecko,Education,"Effortlessly create and analyze quizzes and flashcards from text, URLs, or YouTube videos, supporting multiple formats, languages, and files with useful feedback and time-saving features.",https://link.aitoolsdirectory.com/quizgecko
Creatr,Copywriting,"Get over 70 of the best AI-based templates for creating article content, blog ideas, blog post intros, ad copy titles, sales page sections, and conclusions. Use chat assistants to automate ecommerce, improve social media presence. Generate captions and hashtags along with scripts!",https://link.aitoolsdirectory.com/creatr
Jasper,Copywriting,Generate plagiarism-free blog articles and original SEO content. Test instant copy variations to increase sales & social media engagement.,https://link.aitoolsdirectory.com/jasper
Grammarly,Productivity,Grammarly uses artificial intelligence to analyze your writing and make corrections based on context. The powerful AI grammar checker scans your writing for errors as you write so you can make sure everything is perfect,https://link.aitoolsdirectory.com/grammarly
Riverside Audio Transcription,Audio,"Riverside's free drag-and-drop transcription tool uses advanced AI from OpenAI to transcribe audio or video files in over 100 languages, with a user-friendly interface capable of processing hour-long interviews in less than 2 minutes",https://link.aitoolsdirectory.com/riverside
Prompt Hunt,Marketing,"Prompt Hunt, an AI Library, offers 200 marketing prompts to boost productivity and creativity for SEO, email marketing, and social media.",https://link.aitoolsdirectory.com/mailmodo-aiprompts
Photo AI,Image Editing,"Photo AI is an AI-powered photo editor and photo suite, offering AI-generated images from uploaded photographs or copycat-style images from freely available photos. It's the world's first AI photographer. And now includes background remover",https://link.aitoolsdirectory.com/photoai
Cheatlayer,Productivity,"CheatLayer's AI-powered platform automates business tasks with a language interface. Create apps, games, and websites in minutes, automate social media posting, and enjoy unlimited scraper cheat codes. The custom-trained GPT-4 model, Project Atlas, streamlines complex automation challenges.",https://link.aitoolsdirectory.com/cheatlayer
CopySpace,Copywriting,"CopySpace is one of the easiest-to-use and most efficient AI copywriting editors for crafting high ROI marketing blogs and copy. It uses advanced copywriting models, supports over 100 languages, offers quick content creation of up to 8000 words, and features over 100 ready-made blogging & marketing tools",https://link.aitoolsdirectory.com/copyspace
ChatGPT,Chat,"AI language model ChatGPT is able to answer your questions, provide insightful information, and engage in witty banter. As an impartial and unbiased machine, ChatGPT can offer objective advice and perspectives. Aside from quick and accurate responses, it has a vast knowledge base and can entertain and educate at the same time.",https://chat.openai.com/?via=aitoolsdirectory-com
Descript,Audio,"Descript's transforms complex audio and video editing into a text-editing task. It can rapidly label speakers, clone voices realistically with Overdub (it removes filler words as well), produce speedy transcripts, remove gaps in recordings without affecting meaning and provide cohesive output by splicing together clips from different sources",https://www.descript.com/?lmref=iDqYvg
Xinva,Generative Art,"AI for print on demand. A design generator for print-on-demand workflows. Translate your creative visions into innovative designs, used widely by designers to freelancers.",https://link.aitoolsdirectory.com/xinva
adcopy ai,Advertising,"Write compelling, compliant ads in multiple languages with the help of custom ad-focused AI. From reworking competitors' ads to tailoring creativity levels, supercharge your ad strategy. Enhance your workflow with the Adcopy Chrome extension.",https://link.aitoolsdirectory.com/adcopy
Simplified,Copywriting,"Write unique and best-in-class content for blogs, articles, ads, products and websites in just a few clicks. Create content that converts with 50+ templates.",https://link.aitoolsdirectory.com/simplified
Apify,Productivity,"Apify is a no-code platform that simplifies web scraping for AI model training. It integrates with tools like LangChain and Pinecone, streamlining data collection from the web. This enhances AI efficiency, delivers accurate insights, and supports customized AI tool development.",https://link.aitoolsdirectory.com/apify
SiteSpeakAI,Chat,"SiteSpeakAI is a chatbot powered by ChatGPT, offering personalized real-time 24/7 support for your website visitors. It improves customer interaction while optimizing conversions with easy integration and insightful analytics.",https://link.aitoolsdirectory.com/sitespeak
Rytr,Copywriting,Rtyr is the perfect assistant for brainstorming and writing content. And Rytr also now includes an AI image generation tool to accompany your writing.,https://link.aitoolsdirectory.com/rytr
CodeWP,Coding,Stop searching StackOverflow and crawling through forums. Create and test WordPress code snippets directly with the help of AI,https://link.aitoolsdirectory.com/codewp
Linguix,Copywriting,"Linguix is a productivity tool that helps you write better by automatically checking grammar, punctuation, and style using AI-based language NLP",https://link.aitoolsdirectory.com/linguix
Castmagic,Podcasting,Castmagic converts lengthy audio files into short excerpts that retain the original content's key points. It's particularly helpful for companies trying to grow their business through podcasting and other forms of longform audio content.,https://link.aitoolsdirectory.com/castmagic
Hexomatic,Automation,"Leverage AI to scrape content from any website, find local busıness prospects in a few clicks using Google Maps, monitor Amazon for updates on specific products, or bulk create screenshots in any screen size to use in your marketing materials or software.",https://link.aitoolsdirectory.com/hexomatic
GenPlus,Chat,"GEN plus, a ChatGPT browser extension, helps you automate your online activity, creating high-quality content, sending emails, and searching the web for a wide variety of information.",https://link.aitoolsdirectory.com/genplus
Synthesia,Text-to-Video,"AI video creation platform that lets you turn documents, PowerPoints, and PDFs into engaging videos. Create your own avatars or choose from 100 realistic avatars, 130 languages, and 55 video templates.",https://link.aitoolsdirectory.com/synthesia
Tailwind Ghostwriter,Social Media,"Tailwind App reclaims the scheduling tool throne with its new Ghostwriter feature, offering versatile AI-powered copywriting for SEO, ads, and social media content, saving you time and boosting your marketing game.",https://link.aitoolsdirectory.com/tailwind
AIApply,Recruitment,"Simplify your job hunt with AI Apply, an AI-powered tool that automates and optimizes your job application process.",https://aiapply.co/?via=aitoolsdirectory
Followr,Social Media,"Followr streamlines social media management with AI-powered scheduling, content creation, and analytics for optimized engagement across multiple social media platforms.",https://link.aitoolsdirectory.com/followr
Altered,Audio,"Record, craft, tweak, and control any voice audio professionally. Transform your voice or alter your accent with the finesse of a pro audio studio.",https://link.aitoolsdirectory.com/altered
Formula Bot,Productivity,"Upload, analyze and query your data with AI. Solve your Excel and Google Sheets problems in seconds with AI-generated formula generators. Type questions about your data to unlock insights and generate charts.",https://link.aitoolsdirectory.com/formulabot
CustomGPT,Chat,"Build ChatGPT plugins without code. Expand your customer reach by integrating your company’s database on ChatGPT for instant, accurate response to customer queries or creating a search retrieval plugin—thus increasing your operational efficiency exponentially.",https://link.aitoolsdirectory.com/customgpt
Lovo,Text-to-Voice,"AI voiceover and text to speech platform gives you the ability to create realistic, human-like voices for your project with pronunciation editing, voice speed controls, and voice emotion manipulation.",https://link.aitoolsdirectory.com/lovo
HookSounds AI Studio,Music,"Make custom, mood-aligned soundtracks for your videos with AI Studio. Instantly analyze your video's unique characteristics and produce smart-synced music, eliminating manual editing. Keep refining until you hit the perfect note.",https://link.aitoolsdirectory.com/hooksounds
Feathery,Productivity,"Create elegant online forms with unparalleled speed, all while offering deep customization and seamless integration. From intuitive design tools to advanced form logic, Feathery AI is changing the form-building market.",https://link.aitoolsdirectory.com/feathery
Designs ai,Image Editing,"A ceative wonderland of AI-driven tools for every artistic whim, streamlining projects and fueling inspiration for influencers, startups, educators, and beyond.",https://link.aitoolsdirectory.com/designs-ai
Podium,Podcasting,Podium is an AI-powered copywriter for podcasts. Its unique combination of public AI tools with proprietary tech saves podcasters money and allows them to reach a wider audience—all the while automating their podcast production process.,https://link.aitoolsdirectory.com/podium
Adalo,Nocode,"Adalo makes no-code mobile app creation easy by integrating OpenAI's ChatGPT for an enriched user experience. Define your concept with Adalo's ""Magic tools"", click generate and presto - your professional-looking database is ready",https://link.aitoolsdirectory.com/adalo
Luna,Copywriting,"Send personalized emails that get replies with Luna, AI-powered email marketing software that suggests high-quality leads and automates the sending of personalized emails.",https://link.aitoolsdirectory.com/luna
Longshot,Copywriting,"Create captivating articles, auto-blogs inspired by top SERPs and fueled by chatter backed by verified facts. Use a built in fact checker to arm yourself or revamp stale content with Claim Detection.",https://link.aitoolsdirectory.com/longshot
MagicReply,Chat,"MagicReply blends artificial intelligence and human expertise to provide speedy and precise customer service in multiple languages. Leveraging past interactions, it enables agents to deliver exceptional support while seamlessly handling their workloads",https://link.aitoolsdirectory.com/crispchat
Lalal AI,Audio,"Cutting-edge vocal removal and music source separation tool for musicians, video editors, marketers, and other people in the creative field. Quick and accurate extraction of vocals, backing, and different instruments from any audio or video.",https://link.aitoolsdirectory.com/lalal
Typeshare,Copywriting,"Crack the creativity conundrum with Typeshare's Endless Idea Generator. By simply entering a topic, harness the power of AI to instantly turn thoughts into a multitude of ideas, streamlining the writing process.",https://link.aitoolsdirectory.com/typeshare
WindsorAI,Marketing,"Windsor AI is the tool that connects all your marketing channels together. The marketing attribution technology delivers clear, comprehensive insights into ad spend value and ROI, and gives you full transparency on ad spend effectiveness.",https://link.aitoolsdirectory.com/windsor
Creasquare,Social Media,"Creasquare gives entrepreneurs, marketers, and content creators access to the best software for creating and distributing content on social media.",https://link.aitoolsdirectory.com/creasquare
GPT zero,AI Detection,"Accurate, easy to integrate, and attuned to sniffing out AI-written content, be it in sentences, paragraphs, or whole documents. Trained on a vast corpus of human and AI-generated text, it works effectively across major AI models, acting as your personal truffle pig in the vast forests of online content.",https://link.aitoolsdirectory.com/gptzero
Bitskout,Productivity,"Bitskout offers automated solutions for managing and processing data. The service works with most file types, is flexible in that it can be integrated into existing workflows—and does not require coding to understand content in multiple languages.",https://link.aitoolsdirectory.com/bitskout
Typefully,Social Media,"Typefully's Vesper is revolutionizing Twitter content creation with its AI-powered assistance, offering personalized ideas, writing support, and feedback to elevate your tweets and audience engagement.",https://link.aitoolsdirectory.com/typefully
Spell,Productivity,"Use Spell's autonomous AI agents for enhanced productivity - no OpenAI or ChatGPT API key required. Perform multiple tasks simultaneously, create dynamic content, explore diverse templates, and transform processes.",https://link.aitoolsdirectory.com/spell
xMagic,Chat,"xMagic learns from your PDFs, Notion, and TXT files so you can start interactive chats with your documents. Generate document summaries, get answers questions, get direct references to sources, and supports collaborative workspaces for shared projects.",https://link.aitoolsdirectory.com/xmagic
Coda AI,Productivity,"With powerful integrations, customizable workflows, and AI-powered features like drafting content and generating tables, Coda AI takes your work to the next level.",https://link.aitoolsdirectory.com/coda
Zigpoll,Marketing,"Speedy, multilingual, AI-enhanced survey app that's changing how you gain insights, optimize your business, and stay ahead of customer trends.",https://link.aitoolsdirectory.com/zigpoll
Eclipse AI,Productivity,"Eclipse AI simplifies customer understanding and retention by consolidating various data sources, revealing actionable insights, and facilitating custom or integrated surveys, helping businesses effectively address customer issues and improve retention.",https://eclipse-ai.com/
Airgram,Productivity,"Airgram helps you manage, record, and summarize your online meetings from Google Meet, Zoom or Microsoft Teams—so that you can concentrate on discussions rather than note-taking.",https://link.aitoolsdirectory.com/airgram
GetResponse,Marketing,AI Email Generator: Create engaging emails in record time with an AI-powered email generator. Boost your email marketing with industry-optimized subject lines and content.,https://link.aitoolsdirectory.com/getresponse-ai
Quillbot,Copywriting,"Quillbot's natural language processing and machine learning tools suggest rephrasing and other improvements to text. Use it to brainstorm ideas, generate summaries, and even create unique articles and essays.",https://link.aitoolsdirectory.com/quillbot
Catbird,Generative Art,"Catbird is a free, versatile image generator that crafts dozens of unique images frommultiple models using just one prompt, allowing for endless creativity without any signup hassle.",https://www.catbird.ai/?via=aitoolsdirectory-com
Canva Text-to-image,Generative Art,Generate one-of-a-kind pictures and artwork from a brief description in no time. Turn your wildest ideas into artwork and shareworthy visuals with Canva's new AI tool.,https://link.aitoolsdirectory.com/canva-tti
Canva Magic Write,Copywriting,"Magic Write turns Canva's popular design suite into a versatile marketing tool, letting you create quick content for any project. Visually enhance your documents and support long and short form content! Great for team communication!",https://link.aitoolsdirectory.com/canva-magicwrite
Osher,Chat,"Train your custom Business AI by entering a website's domain for scanning, selecting your URLs, and get a knowledge-rich AI for your team, customer support, and business operations. Use your business data to grow!",https://link.aitoolsdirectory.com/osher
Cuppa,Copywriting,"Generate SEO-optimized long-form content without the hefty price tag. Simply plug in, create limitless content, choose from affordable plans, and enjoy personalized support at your fingertips.",https://link.aitoolsdirectory.com/cuppa
Sembly AI,Productivity,"A web service for recording, transcription, and generation of smart meeting summaries and meeting minutes for meetings.",https://link.aitoolsdirectory.com/semblyai
Booltool,Graphic Design,"Simplify operations, foster creativity, and elevate quality with this suite of image and written content tools. Key features include precision background removal, image optimization, animated effects, and unique content tools, enhancing both your visuals and narratives.",https://link.aitoolsdirectory.com/booltool
Lunacy by Icons8,Graphic Design,"Lunacy is a free, versatile UX/UI design app for macOS, Windows, and Linux. It offers AI tools, custom graphics, Figma imports, online/offline modes, prototyping, live webpage editing, and enhanced image manipulation features.",https://link.aitoolsdirectory.com/icons8-lunacy
Tugan,Copywriting,"Generative marketing tool that redefines content creation, transforming URLs into sales or email copy, and offering an efficient alternative to writing from scratch.",https://link.aitoolsdirectory.com/tugan
Social Champ AI Suite,Social Media,"A social media scheduling platform with ChatGPT-powered AI tools for content generation, image creation, sentiment analysis, and online reputation management.",https://link.aitoolsdirectory.com/socialchamp
Parsio,Productivity,"Automate data extraction from various documents, streamlining your business while cutting costs and boosting efficiency.",https://link.aitoolsdirectory.com/parsio
Speak AI,Text-to-Voice,"Crunch text with AI algorithms. Make smarter decisions based on the insights gleaned from data, whether you're doing qualitative research, academic research, marketing research, competitive analysis or digital marketing.",https://link.aitoolsdirectory.com/speakai
Lyro by Tidio,Chat,"A unique conversational AI chatbot for customer support like you've never seen it. Faster, less expensive, and better than a human customer support agent.",https://link.aitoolsdirectory.com/tidio
Dante,Chat,"With your unique data as its foundation, this bespoke GPT-4 chatbot can be easily integrated with your website or social accounts as well as third-party popular applications.",https://link.aitoolsdirectory.com/dante
Bertha AI,Copywriting,Craft messages that resonate with your customers and drive conversions. Automate the process of generating content and integrate directly with WordPress or any other content management system.,https://link.aitoolsdirectory.com/bertha
FineVoice,Audio,"FineVoice is your AI-enabled powerhouse, bringing realism and celebrity panache to your voiceovers, podcasts, and more. This multifaceted tool transforms your audio content with a voice library and user-friendly editing, all while transcribing and recording with precision and speed",https://link.aitoolsdirectory.com/finevoice
Artsmart AI,Generative Art,Create visual content that's straight-up stunning without breaking a sweat by entering prompts or simply uploading a photo and watch as the AI produces artwork based on the input.,https://link.aitoolsdirectory.com/artsmart
Simple Phones,Productivity,"SimplePhones is an AI-powered virtual agent ready to handle all your business's telecommunication needs. You can forward or route calls to multiple numbers, send texts or emails to team members with customer requirements, and log calls and transcripts for an in-depth look into customers' behavior",https://link.aitoolsdirectory.com/simplephones
NeuralNewsletters,Marketing,"Create personalized, up-to-date newsletters tailored to your audience's interests, all within minutes and without writing a word - saving you time, money and enhancing subscriber engagement.",https://link.aitoolsdirectory.com/neuralnewsletters
Pictory,Text-to-Voice,"A versatile video creation and editing tool that transforms articles, scripts, visuals, and voice into captivating, shareable social media content, while offering customization and high-quality output.",https://link.aitoolsdirectory.com/pictory
Notion AI,Productivity,Notion's AI writing assistant is already embedded in the world's most popular productivity app. It can write entire blog posts or brainstorm ideas. And the AI's capabilities will expand to project management and other areas of productivity and workflow later.,https://link.aitoolsdirectory.com/notion
Rephrase,Copywriting,"Improve your writing and meet specific writing requirements by using one of seven different types of rephrasing in ProWritingAid's newest AI tool. Easily add sensory language, enhance structure and vocabulary. Make your sentences sound more fluent and native-like.",https://link.aitoolsdirectory.com/prowritingaid-rephrase
CodiumAI,Coding,"USe CodiumAI's powerful tools to keep your focus to crafting valuable, user-centric features, all while maintaining a bug-free codebase. Bid adieu to the tedious task of manually creating tests.",https://www.codium.ai/?via=aitoolsdirectory-2
Steve AI,Text-to-Video,"A versatile video creation wizard, effortlessly automating scripting, editing, and publishing while transforming text, voice, and photos into vibrant videos, with access to expansive media libraries and the power to convert audio files into dynamic content.",https://www.steve.ai/?via=aitoolsdirectory-com
Voicify,Music,"AI-powered cover song sorcery, transforming your ideas into hit tunes in the style of iconic artists. Voicify makes AI music covers in the style of your favorite artists in seconds.",https://link.aitoolsdirectory.com/voicify
HypeFury,Social Media,"HypeFury is a Twitter growth tool that acts as a personal assistant, helping you grow and monetize your Twitter audience.",https://link.aitoolsdirectory.com/hypefury
Trinka AI,Productivity,Trinka is an online grammar checker and language correction AI tool for academic and technical writing. Trinka finds difficult errors unique to academic writing that other grammar checker tools don’t. From advanced English grammar errors to scientific tone and style.,https://link.aitoolsdirectory.com/trinka
Mubert,Music,"Mubert is a music app that makes it easy for content creators, artists, developers and brands to create the perfect soundtrack for their content.",https://link.aitoolsdirectory.com/mubert
ChopShop,Podcasting,"Turn your long-form video podcasts into share-worthy TikTok videos, Instagram Reels, YouTube Shorts, and more.",https://chopshopai.com/?via=aitoolsdirectory-com
Content At Scale,AI Detection,"Free AI content detector will help mitigate the risk of being punished by Google for using AI generated content. Protect yourself with this tool, which uses multiple finely-tuned AI engines, natural language processing, and semantic analysis algorithms.",https://link.aitoolsdirectory.com/contentatscale-aidetector
GPTkit,AI Detection,"GPTKit is a free, easy-to-use AI text generation detection tool that uses six different methods to accurately identify and classify machine-generated text. It provides reports on the authenticity and reality of the content analyzed",https://link.aitoolsdirectory.com/gptkit
Ava AI,Copywriting,"Ava AI is an AI-powered writing assistant that can generate various types of content in seconds, from blog posts to social media posts. It also offers templates for specific tasks and can co-create entire campaigns with you, streamlining your writing process and increasing productivity",https://link.aitoolsdirectory.com/ava
Predis,Social Media,Use the Predis AI Social Media Post Generator to create ready-to-publish content in your brand language by identifying keywords and hashtags that are relevant to your business and then automatically generating posts with the right images and content.,https://link.aitoolsdirectory.com/predis
Postwise,Social Media,"Utilize this advanced AI Twitter tool's AI to craft, schedule and amplify your content and presence on Twitter. Reach a wider audience and go viral.",https://link.aitoolsdirectory.com/postwise
Process AI,Productivity,The world's first Process Management Platform powered by AI.Process Street is now excited to announce the next evolution of its product from a workflow management tool to an AI-powered process platform.,https://www.process.st/platform/ai/?via=aitoolsdirectory-com
Brain FM,Productivity,"Brain.fm provides scientifically proven, patented AI-generated music for focus, relaxation, and sleep. The tailored music stimulates the brain while blending into the background allowing you to manage your energy levels and get more done.",https://link.aitoolsdirectory.com/brainfm
Bardeen,Automation,"Bardeen is an AI assistant that can automate tedious tasks for you, such as transcribing audio, creating action items from meeting notes, and summarizing long articles.",https://www.bardeen.ai/ai/?via=aitoolsdirectory-com
Hexometer,Automation,"Hexometer's sophisticated AI platform monitors your website 24/7 to catch availability, performance, UX, SEO, and server health problems before they lead to a loss in traffic and lost revenue.",https://link.aitoolsdirectory.com/hexometer
Hexowatch,Automation,Stay up-to-date on important changes to your website or your competitor's websites. Create a business around monitoring and watching your competitor's next move.,https://link.aitoolsdirectory.com/hexowatch
Marketing Megaprompts,Marketing,"A bespoke set of unique prompts from MakerBox designed to fuel innovative marketing strategies, meticulously curated for solopreneurs and indie hackers seeking top-tier quality and personalized solutions.",https://link.aitoolsdirectory.com/makerbox-megaprompts
Landr,Music,"Landr offers cloud-based AI mastering software that analyzes tracks using AI algorithms to make adjustments to the mix, including EQ, compression, and stereo widening. It also offers an API for partners to integrate AI-powered mastering into their apps and platforms.",https://link.aitoolsdirectory.com/landr
Yaara,Copywriting,"Writing assistant for SEO-driven content, including website copy, headlines, product bullet points, meta descriptions, about us copy, and FAQs. Generate presentations and social media content without calling for a copywriter.",https://link.aitoolsdirectory.com/yarra
Referral Factory,Marketing,"Referral Factory is an AI-powered tool that offers you a quick setup of custom or pre-built affiliate marketing programs. It integrates with major CRMs, provides easy referral tracking, and automates rewarding successful referrals.",https://link.aitoolsdirectory.com/referral-factory
Logo AI,Graphic Design,"LogoAi is an AI powered logo maker and brand automation platform that can help small businesses create professional logos, design matching identities, and automate brand promotion with on-brand social media content.",https://link.aitoolsdirectory.com/logoai
Winston ai,AI Detection,Discover if it's a person or an AI that wrote your content with Winston AI. Detect plagiarism and make sure copy is written by humans,https://link.aitoolsdirectory.com/winston
AI Lawyer,Productivity,"A multilingual, affordable legal assistant providing instant help, document drafting, and contract review.",https://link.aitoolsdirectory.com/ailawyer
Scribe,Productivity,"Capture processes and generate shareable step-by-step guides with Scribe, revolutionizing documentation and streamlining business operations.",https://link.aitoolsdirectory.com/scribe
Netus AI,Copywriting,"Fine-tune paraphrasing with your own voice while bypassing plagiarism & AI detection. Integrate cutting-edge technology for efficient, high-quality content generation. Upcoming features: plagiarism checker & multilingual support.",https://link.aitoolsdirectory.com/netus
TalkPal,Education,"Immerse yourself in lifelike conversations, receive real-time feedback, and enjoy dynamic active listening exercises, powered by an AI language tutor",https://talkpal.ai/?via=aitoolsdirectory-com
Skybox Lab,Generative Art,Skybox Lab is an AI-powered tool that allows you to generate stunning 360° skybox experiences just by entering text prompts. It's perfect for those looking to quickly create immersive virtual spaces,https://www.blockadelabs.com/?via=aitoolsdirectory-com
Adcreative.ai,Advertising,"An ad creation platform that uses artificial intelligence to make high-quality, conversion-focused ad creatives and social media post creatives in a matter of seconds.",https://link.aitoolsdirectory.com/adcreative
Clickable,Advertising,"Create ads that are beautiful, consistent with your brand identity, and highly effective at generating conversions. Clickable lets you easily create highly engaging ads that will generate more sales.",https://link.aitoolsdirectory.com/clickable
Ghost Writer,Copywriting,Hire dead authors to write in a variety of styles - generate stories or content from scratch or rephrase your work quickly and make it remarkable.,https://link.aitoolsdirectory.com/ghostwriter
InsightBaseAI,Business Intelligence,"Chat effortlessly with your data using InsightBase, an AI tool that turns complex analytics into casual conversations. Uncover valuable insights",https://insightbase.ai/?via=aitoolsdirectory-com
Bannerbear,Social Media,BannerBear offers an automated solution for generating social media visuals with no coding required. The Open AI Whisper integration lets you autotranscribe voice and create videos with the text instantly.,https://link.aitoolsdirectory.com/bannerbear
Kreatable,Marketing,"Create logos, social media posts, and web ads using features like magic resize, AI writing, image background removal, and brand management. Preview and edit text across platforms in one location.",https://link.aitoolsdirectory.com/kreatable
Filmora,Video Generation,"Create standout videos with Filmora's ChatGPT integration and vast resources for the ultimate video-making experience. Filmora's advanced AI, speech-to-text, and subtitle generator functions provide a professional touch, making it an all-in-one solution for all your video-making needs.",https://link.aitoolsdirectory.com/filmora
SEO GPT,SEO,"The AI-driven marketing & SEO tool you've been looking for. With 200+ methods for crafting titles/descriptions, backed by 16 years of marketing expertise, delivering undetectable human-like content that's authentic, credible, and saves time & effort.",https://link.aitoolsdirectory.com/seovendor
Picsart,Generative Art,"Picsart delivers AI-powered editing, filters, and images for pro-quality graphics; with video editing, image enhancement, and AI avatars. Available in 30 languages.",https://link.aitoolsdirectory.com/picsart
Vidon AI,Video Generation,"Vidon.ai quickly creates engaging social media videos with AI-driven scripting, voiceovers, images, and subtitles, featuring one-click translations, auto resizing, and platform-specific formats through its partnership with ChatGPT.",https://link.aitoolsdirectory.com/vidon
Vista Social,Social Media,"Vista Social, a social media management tool, offers an AI Assistant feature that helps you generate engaging social media posts, paraphrase high-performing posts, and add fact-checked stats. You can also automate responses to comments and mentions with AI-powered content.",https://link.aitoolsdirectory.com/vistasocial
QuickPen ai,Copywriting,"60+ templates for unique, high-quality content creation across blogs, ads, emails, and websites, with versatile, plagiarism-free output and improved search rankings.",https://link.aitoolsdirectory.com/quickpen
Exolyt,Social Media,"Dominate TikTok with data-driven analytics, growth marketing, and AI-powered content idea generation for businesses and creators.",https://link.aitoolsdirectory.com/exolyt
CopyMonkey,Copywriting,Generate keyword-optimized bullet points and descriptions for Amazon listings using smart data and artificial intelligence. Get your ecommerce product listings to the top of Amazon search.,https://link.aitoolsdirectory.com/copymonkey
Neuraltext,Copywriting,"Your content marketing toolbox with keyword research, SERP analysis, and writing engine all rolled into one smart package.",https://link.aitoolsdirectory.com/neuraltext
Fireflies,Productivity,"Supercharge meetings with AI notetaking, auto-transcription, platform integration, collaboration tools, real-time knowledge base, performance analytics, and voice-activated workflow automation. Record and transcribe meeting conversations to boost productivity",https://link.aitoolsdirectory.com/fireflies
IMAI,Social Media,"IMAI is the world’s largest influencer marketing database. Using our proprietary AI technology, you can access in depth insights on over 300 million influencers across Instagram, TikTok, Twitter, Twitch, and Youtube. IMAI is the best way to find and activate the perfect influencer for your marketing needs.",https://influencermarketing.ai/?via=aitoolsdirectory-com
Orimon ai,Chat,"Orimon's AI chatbot, deployable in under two minutes, offers businesses advanced sales-enabled conversational AI, industry-specific training, and easy integration for improved customer interactions.",https://link.aitoolsdirectory.com/orimon
PDF ai,Productivity,"Chat with any document and PDF using AI. From legal agreements to financial reports, PDF.ai brings your documents to life. You can ask questions, get summaries, find information, and more.",https://pdf.ai/?via=aitoolsdirectory-com
Safuri,Coding,Safurai: a cutting-edge AI coding assistant streamlining the coding process for developers.,https://www.safurai.com/?via=aitoolsdirectory-com
RankPress,Marketing,"ChatGPT/OpenAI-powered Amazon WordPress autoblogging SaaS platform offering AI-enhanced content, 110+ languages, and seamless integrations for unprecedented unique, multicentric autoblogging experiences, complete with future updates and early access pricing.",https://rankpress.io/?via=aitoolsdirectory-com
Monkeebrain,Copywriting,"Write code, generate structured data or decode code snippets. Simplify the creation process and speed up your workflows with this powerful tool",https://www.monkeebrain.com/?via=aitoolsdirectory-com
Audo,Audio,"Audo Studio rapidly enhances audio by eliminating background noise, reducing echoes, and adjusting volume, providing great results for a wide range of users.",https://audo.ai/?via=aitoolsdirectory-com
Vowel,Productivity,"AI-meeting tool with instant AI-meeting summaries, AI-action items, recording, live transcript, search across meeting content, bookmarks, notes, clips, and more.",https://www.vowel.com/?via=aitoolsdirectory-com
Sheet AI,Productivity,"This Google sheets plugin uses ChatGPT to transform your text instructions for an Excel or Google Sheet list into an auto-generated formula. Automate data analysis, generate formulas, summarize content, and more.",https://link.aitoolsdirectory.com/sheetai
Mixo,Copywriting,"With just a brief description of your idea, Mixo will generate your entire website content in seconds. Great for pre-launching products, gathering insights, building waiting lists, running beta testing programs or just validating new product ideas.",https://link.aitoolsdirectory.com/mixo
User Evaluation,Marketing,Enhance consumer research efficiency and depth with this versatile tool for market researchers and customer-focused teams.,https://www.userevaluation.com/?via=aitoolsdirectory-com
Crear AI,Copywriting,"Unleash your inner content wizard with Crear.ai, transforming thoughts into snappy captions, blog posts, and more at lightning speed.",https://link.aitoolsdirectory.com/crear
Elephas,Copywriting,"Elephas is an AI assistant that helps you write faster and better across Mac, iPhone, and iPad. It offers different writing modes, including professional, friendly, viral, and persuasive, and features like generating Excel formulas, presentations, and viral headlines.",https://link.aitoolsdirectory.com/elephas
Sanebox,Productivity,"SaneBox identifies important messages, but it also hides distractions, banishes annoying senders, and reminds you of emails that need a response. Make sure only important emails reach your inbox.",https://link.aitoolsdirectory.com/sanebox
Github Autopilot,Coding,"Autopilot takes a lot of grunt work and hassle out of coding by suggesting snippets of code to developers - learning from its experiences and adapting to new coding styles as it goes along. With Autopilot, coders can write code faster and more accurately",https://github.com/features/copilot?via=aitoolsdirectory-com
Luma AI,Generative Art,"Luma AI, created by Luma Labs, is an app and service that uses neural rendering technology to capture 3D images with only a few photos",https://lumalabs.ai/?via=aitoolsdirectory-com
Playground AI,Generative Art,"Generate artwork, social media posts, presentations, posters, videos, logos and more with intuitive design tools and a simple user interface",https://playgroundai.com/?via=aitoolsdirectory-com
Caspar AI,Copywriting,"Caspar's Chrome extension helps you generate summaries, simplify complex topics, and make work more manageable. The Open AI processing provides article summaries instantly, streamlining professional workflows for personal and work use.",https://chrome.google.com/webstore/detail/casper-ai/fgfiokgecpkambjildjleljjcihnocel
GetGenie,Copywriting,"Genie is an AI-powered WordPress plugin that allows users to perform multiple tasks such as keyword analysis, SERP competitor analysis, blog post and sales copy writing, title variation generation, meta description creation, introductory paragraphs creation and social media copy writing. Genie also offers product description and paragraph rewriter features.",https://link.aitoolsdirectory.com/getgenie
Hotpot,Generative Art,"Just tell AI what to do and watch as it produces images in various styles, from classic art like Van Gogh to photorealistic graphics.",https://hotpot.ai/art-maker?via=aitoolsdirectory-com
MagickPen,Copywriting,"Intelligent writing assistant for drafting articles, generating content ideas, and exploring various content styles.",https://magickpen.com/?via=aitoolsdirectory-com
ContentBot,Copywriting,"A content writing powerhouse. Get automatic AI blog posts, blog topic ideas, intros, bullet point expansion, tone changer, paraphrasing tool or generate up to 250 words at a time with the click of a button! You can even write in any language with ContentBot's support of over 110 languages.",https://link.aitoolsdirectory.com/contentbot
Lilybank ai,Productivity,"An AI-driven platform for businesses to create diverse, tailored content quickly and efficiently, supporting 25+ languages and multiple tones.",https://lilybankai.com/?via=aitoolsdirectory-com
Nightcafe Studio,Generative Art,"fast, free, and easy app uses cutting-edge artificial intelligence to help you create amazing artworks",https://creator.nightcafe.studio/?via=aitoolsdirectory-com
WordPlay,Copywriting,Craft content in bulk to save hundreds of hours with WordPlay. Everything from social media blurbs to full blog posts. Your creations can be scheduled and published easily with WordPlay's WordPress plugin,https://link.aitoolsdirectory.com/wordplay
Google Workspace,Productivity,"Google Workspace is a cloud-based productivity and collaboration suite with AI capabilities, such as Smart Compose, grammar suggestions, voice typing, portrait restore, Smart Reply, and live transcription in Google Meet.",https://link.aitoolsdirectory.com/google-workspace
Craiyon,Generative Art,"If you're looking for an AI model that can draw images from any text prompt, Craiyon is a great option. The model is trained using Google TRC and is capable of generating impressive images.",https://www.craiyon.com/?via=aitoolsdirectory-com
SocialBee,Social Media,"SocialBee's AI-powered post generator creates social media posts based on your preferred topics and keywords, saving you time and effort, and helps to keep a consistent and impactful social media presence.",https://link.aitoolsdirectory.com/socialbee
Creaitor,Copywriting,"Creaitor is a smart AI assistant that can write content for you. It saves you time and gets rid of writer's block! You can use presets to get started or create your own, then let Creaitor do the rest.",https://link.aitoolsdirectory.com/creaitor
Kafkai,Copywriting,Kafkai is an advanced AI Content Generator that creates unique content at a much more affordable rate than many writing services.,https://link.aitoolsdirectory.com/kafkai
Filmstro,Video Generation,"Make your filmmaking process more efficient. Filmstro is a a set of AI-powered tools that can help you with things like story development, music composition, and sound design.",https://filmstro.com/?via=aitoolsdirectory-com
AI Room Planner,Generative Art,Enjoy a room that looks like it was designed by a professional without having to break the bank. get hundreds of interior design ideas for every room in your home. Completely free and with no limit,https://airoomplanner.com/?via=aitoolsdirectory-com
Midjourney,Generative Art,"Midjourney's AI is trained on a dataset of works from artists such as Vincent van Gogh and Pablo Picasso. These inputs are applied to new images based on your prompts. Get original, unique, and beautiful artwork in seconds.",https://www.midjourney.com/?via=aitoolsdirectory-com
AISEO,Copywriting,AISEO offers paraphrasing and readability improver tools as well as NLP that works with the SEO-focused content generator. Write short or long form. There's a Chrome extension to help you write faster in any app.,https://link.aitoolsdirectory.com/aiseo-art
Lexica,Generative Art,AI image Stable Diffusion search engine,https://lexica.art/?via=aitoolsdirectory-com
WellSaid,Text-to-Voice,Create realistic AI voiceovers for all your digital content in real time,https://wellsaidlabs.com/?via=aitoolsdirectory-com
Riku,Copywriting,"Build AI models without code—and then use them through integrations, API, or public share links. Create high-quality content for your website or blog",https://link.aitoolsdirectory.com/riku
Todoist AI Assistant,Productivity,"Todoist's new AI-assistant integration can help you attain your goals by generating a list of tasks, making them more actionable, breaking them down into more manageable steps, and providing tips on how to achieve them.",https://link.aitoolsdirectory.com/todoist
Soofy,Education,"Get unique and interesting conversation starters and vocabulary building tools, as well as grammar, reading comprehension, AI language chatbot, and pronunciation lessons to help you learn a language faster.",https://link.aitoolsdirectory.com/soofy
Profile Pic Maker,Generative Art,"Elevate your profile game with PFPMaker: upload your finest shots, explore various styles, and stand out with a unique blend of creativity and personal flair!",https://pfpmaker.com/?via=aitoolsdirectory-com
Gummysearch,Social Media,GummySearch offers an AI pattern finder to help businesses market their products on Reddit. The tool allows businesses to quickly analyze multiple Reddit posts and comments to identify trends that are relevant to their business.,https://link.aitoolsdirectory.com/gummysearch
This House Does Not Exist,Generative Art,This House Does Not Exist generates realistic images of modern houses through latent text-to-image diffusion. Great for website owners looking for royalty-free images of homes.,https://thishousedoesnotexist.org/
Adzooma,Advertising,Adzooma's AI analytics engine helps you run professional Google and Facebook ad campaigns in just minutes per day with zero experience.,https://link.aitoolsdirectory.com/adzooma
Lately,Copywriting,Lately is a social media tool that uses artificial intelligence to learn about your audience and generate content that fits their interests and needs.,https://www.lately.ai/?via=aitoolsdirectory-com
Tabnine,Coding,AI assistant for software developers. Tabnine is a context-aware code completion tool that suggests the most relevant choices for you as you type.,https://www.tabnine.com/?via=aitoolsdirectory-com
Adobe Sensei,Image Editing,Adobe Sensei is a set of artificial intelligence tools that help digital designers create more engaging and better-performing designs. Design faster and more efficiently.,https://link.aitoolsdirectory.com/adobe-sensei
Wavel AI,Text-to-voice,"Wavel AI is an all-in-one platform that speeds up video creation with realistic voiceovers, multilingual dubbing, and accurate subtitles, helping you reach a global audience efficiently.",https://wavel.ai/?via=aitoolsdirectory-com
NovelAI,Productivity,"NovelAI uses Artificial Intelligence to help writers and storytellers pen their finest works. Using a proprietary Natural Language Processing (NLP) platform, authors can now access a GPT-powered sandbox and let their imagination run wild.",https://novelai.net/?via=aitoolsdirectory-com
Peppertype.ai,Copywriting,"With one click, turn ideas into high-quality articles for email blasts, landing pages, social media posts. Analyze your existing content and create new, engaging content for your audience.",https://link.aitoolsdirectory.com/peppertype
Leadpages AI Engine,Copywriting,"Leadpages' AI Engine is a new product that allows for automated copywriting, saving users time and effort in creating effective, high-quality copy.",https://link.aitoolsdirectory.com/leadpages-ai
DigitalFirst,Marketing,"Create and execute marketing plans in seconds using a library of 500+ strategies as well as Funnel Management, Dashboard, Tactical Flow, Content Generation, and Marketing Planning tools",https://link.aitoolsdirectory.com/digitalfirst
Zyro,Marketing,"Zyro is a drag-and-drop, intuitive website builder equipped with an interactive and minimalistic interface that enables users to create and design a website without coding knowledge",https://zyro.com/?via=aitoolsdirectory-com
Photosonic,Generative Art,"Generate realistic or artistic images from a text description. Photosonic uses cutting-edge text-to-image models based on latent diffusion which generate random noise image to match the text, with adjustable quality, diversity, and style.",https://link.aitoolsdirectory.com/photosonic
Artflow,Generative Art,"Artflow.ai is an AI-powered app that allows users to effortlessly turn their creative ideas into animated stories. The app uses AI and machine learning algorithms to generate portraits based on short, textual input from the user, making it easy to create visuals with just a creative idea.",https://artflow.ai/?via=aitoolsdirectory-com
Character AI,Chat,"A type of chatbot that neural language models to create the illusion of an intelligent conversation partner. You write the first part of a conversation, and the computer writes the next part.",https://beta.character.ai/?via=aitoolsdirectory-com
Durable,Marketing,"Harness the power of Al to create an online presence for your solo business. Generate a website, automate marketing, and manage finances.",https://durable.co/ai-website-builder/?via=aitoolsdirectory-com
Poised,Productivity,"AI-powered communication coach. Get real-time feedback on everything from the words you use to your level of confidence, energy, and empathy in presentations and online meetings",https://www.poised.com/?via=aitoolsdirectory-com
Soundraw,Music,"Create unlimited royalty-free songs by simply selecting a mood, genre and length. It's perfect for video creators who want to match their song to their video. [get 15 tracks for free with code KEITH]",https://soundraw.io/?via=aitoolsdirectory-com
Mooonbeam,Copywriting,"Whether you're writing an essay, a story, an article, a blog, or other lengthy material, Moonbeam provides you with insights (and content) to produce the best content on the topic.",https://link.aitoolsdirectory.com/moonbeam
Nichesss,Copywriting,"Nichesss uses natural language processing, deep learning, and machine learning algorithms to generate high-quality content quickly and efficiently.",https://nichesss.com/?via=aitoolsdirectory-com
What The Diff,Coding,"What-the-Diff's AI model breaks down your Github code changes into understandable chunks, increasing the accuracy and speed of review. Save time on software development change reviews.",https://whatthediff.ai/?via=aitoolsdirectory-com
Cleanvoice,Podcasting,Make your audio recordings sound more professional and polished with Cleanvoice's advanced algorithm to detect and eliminate unnecessary filler sounds.,https://cleanvoice.ai/?via=aitoolsdirectory-com
Poly,Generative Art,"Utilize Poly's innovative AI technology to equip yourself with an unlimited library of completely original, creative, high-resolution, fully-custom, commercially-licensed textures",https://withpoly.com/?via=aitoolsdirectory-com
Glasp,Social Media,Social web highlighter. Stay up to date on the web and teach your AI models how to learn from what you like.,https://glasp.co/ai-writing?via=aitoolsdirectory-com
Letterdrop,Marketing,"Letterdrop is a platform that automates your content workflow across SEO, social media and email to help you create more of the right content—and close more deals.",https://letterdrop.com/?via=aitoolsdirectory-com
Paragraph AI,Copywriting,"A powerful AI-powered writing tool for producing high-quality content, ParagraphAI offers you all the assistance you need and helps you write better content by making suggestions, editing and proofreading your work.",https://link.aitoolsdirectory.com/paragraph
Dimensions,Generative Art,"Transform rough sketches, photos, or even plain text into eye-catching designs in just a few clicks. Go from sketches to high-detailed concepts in no time. Make your creative vision a reality.",https://www.dimensions.ink/?via=aitoolsdirectory-com
Hiver,Productivity,Collaborate with customers and colleagues on generic email addresses and benefit from the world's first multi-channel helpdesk. Make collaboration easier and more efficient,https://link.aitoolsdirectory.com/hiver
AISEO Art,Generative Art,"One of the fastest AI image generators. Tweak and modify any image, generate any kind of photo or picture. Create eye-catching visuals with ease.",https://link.aitoolsdirectory.com/aiseo-art
Motiva,Copywriting,"Motiva is an AI-powered sales enablement platform that helps sales teams close more deals. It offers a suite of tools to help sales reps find the right leads, build relationships, and close deals.",https://www.motiva.ai/?via=aitoolsdirectory-com
FYLM.ai,Image Editing,"Fylm.ai is an online service that provides photographers with a colour grading tool powered by artificial intelligence. The tool allows users to correct their photos with ease and precision, producing Hollywood-quality results.",https://link.aitoolsdirectory.com/fylm
Procys,Automation,Automate the process of manually processing documents by automatically extracting invoice data quickly and accurately with the help of AI. Free up time and resources you need to focus on your business and stay ahead of the competition.,https://procys.com/?via=aitoolsdirectory-com
Swag AI,Marketing,"SwagAI is a tool that helps companies create unique and creative swag for their customers, by using artificial intelligence to provide them with helpful tips and suggestions.",https://www.useslingshot.com/swagai/?via=aitoolsdirectory-com
ChatGPT Writer,Copywriting,"ChatGPT Writer is a free Chrome extension that uses artificial intelligence to generate entire emails, messages, and sales pitches on your behalf.",https://chatgptwriter.ai/?via=aitoolsdirectory-com
Email Magic,Copywriting,EmailMagic AI uses an advanced data analysis process to match writing style. Revise emails up to five times before choosing your perfect pitch.,https://www.emailmagic.ai/?via=aitoolsdirectory-com
Ecommerce Prompts,Copywriting,Ready-made content prompts for ecommerce marketers to help you set up your store and marketing campaigns in less than an hour,https://www.ecommerceprompts.com/?via=aitoolsdirectory-com
Hotreach AI,Marketing,"Hotreach Linkedin prospecting tool helps you send personalized intros to your leads, saving you time and increasing the likelihood of conversion.",https://www.hotreachai.com/?via=aitoolsdirectory-com
DeepL,Translation,"Translate instantly from one language to another with DeepL. Translate documents, webpages and apps in seconds",https://www.deepl.com/translator
Beautiful.ai,Productivity,A revolutionary presentation software that uses artificial intelligence to make creating presentations a breeze. Quickly and easily create stunning presentations,https://www.beautiful.ai/?via=aitoolsdirectory-com
Nanonets,Productivity,"Nanonets is a AI-powered software that can read semi-structured documents and extract data quickly and accurately. It can learn from each document processed, allowing users to customize fields and integrate with existing workflows.",https://nanonets.com/?via=aitoolsdirectory-com
Inworld,Gaming,"Inworld is a platform for developers to create realistic and believable characters powered by artificial intelligence for games, entertainment, virtual worlds, digital workforce and more. Easily configure the characters' personalities, speaking style, voice, memories and emotions.",https://inworld.ai/?via=aitoolsdirectory-com
Visily,Image Editing,Visily offers pre-designed templates and AI-based tools to quickly convert images or sketches into fully customizable wireframes.,https://www.visily.ai/?via=aitoolsdirectory-com
Automata,Copywriting,"AI-powered Content Repurposing Templates to help marketers repurpose blogs and videos into LinkedIn posts, Twitter threads, newsletters, and more.",https://byautomata.io/?via=aitoolsdirectory-com
Reflect,Productivity,"Online note-taking app that provides end-to-end encryption, calendar integration, publishing, instant capture, frictionless search, and backlinked notes.",https://reflect.app/?via=aitoolsdirectory-com
Fathom,Podcasting,"iOS app with AI-powered podcast episode search and tailored recommendations. Highlights of favorite episodes and chapters, plus full transcripts.",https://hello.fathom.fm/?via=aitoolsdirectory-com
Alfie,Copywriting,"Save time while still creating high-quality content. From generating titles to giving feedback on drafts, Alfie can help you create content faster and more efficiently.",http://tryalfie.com/?via=aitoolsdirectory-com
Magic Studio,Generative Art,"Create stunning visuals with just a few simple steps with the instant generated profile picture feature, generative image creation, magic eraser tools and smart background eraser.",https://magicstudio.com/?via=aitoolsdirectory-com
Piggy,Generative Art,Create content for mobile social feeds instantly. Create unique story-style milti-image content by simply inputting keywords and phrases.,https://piggy.to/magic?via=aitoolsdirectory-com
Endless VN,Generative Art,"A visual novel-based game in which the characters, dialog, and story are generated for you as you play.",https://endlessvn.io/?via=aitoolsdirectory-com
Flowrite,Copywriting,Flowrite's super clever AI writer and smart templates are designed to make you more efficient and effective at sending emails.,https://www.flowrite.com/?via=aitoolsdirectory-com
SEOPress,SEO,"SEOPress PRO is a WordPress SEO plugin that integrates with OpenAI to generate automated metadata. Get help creating titles and meta descriptions with AI-driven insights, and save time and money with the bulk actions feature",https://link.aitoolsdirectory.com/seopress
Deep AI,Generative Art,"if you ever wanted to see what your words would look like as a piece of art, this is the tool for you",https://deepai.org/machine-learning-model/text2img
Deciphr,Podcasting,Deciphr is a free AI-powered tool that timestamps and summarizes podcast transcripts in less than 60 seconds. It uses end-to-end encryption to transform transcripts into show notes and timestamps.,https://www.deciphr.ai/?via=aitoolsdirectory-com
TweetMonk,Social Media,"Write better tweets, grow your audience, and improve your Twitter presence. Tweetmonk's easy-to-use editor, AI-powered writing tools, powerful analytics, and daily inspiration prompts destroy writer's block",https://tweetmonk.com/?via=aitoolsdirectory-com
Midjourney Prompt Generator,Generative Art,"Press ""Generate Styles"" and the Midjourney Random Prompt Generator will create 10 different versions of what you want, with totally different styles, colors, medium, technique, and much more!",https://www.howtoleverageai.com/midjourney-prompt-generator?via=aitoolsdirectory-com
AIPRM,SEO,AIPRM comes with curated prompts to help SEO professionals optimize their websites and boost rankings on search engines.,https://www.aiprm.com/?via=aitoolsdirectory-com
Maker AI,Copywriting,AICreate is a writing and composition tool that allows users to create high quality sales emails in seconds. It uses cutting-edge artificial intelligence to help users write faster and better.,https://maker.ai/?via=aitoolsdirectory-com
Compose AI,Copywriting,Compose AI is a free Chrome extension that uses AI-powered autocompletion and text generation to help users save time and automate their writing,https://www.compose.ai/?via=aitoolsdirectory-com
Runway ML,Generative Video,Gen-1 is a new video generation technique that uses composition and style to create compelling footage out of existing videos. Generate new videos that mimic the structure of your original video,https://research.runwayml.com/gen1?via=aitoolsdirectory-com
PromptLayer,Copywriting,"Track, debug, and replay old completions of the ever-important AI prompts (maintain a log of their prompts and OpenAI API requests - prompt engineering is the future so this will be a huge timesaver)",https://promptlayer.com/?via=aitoolsdirectory-com
SkipVid,Productivity,Copy and paste a YouTube link into a field and receive a summary of the video (free for up to 10 minutes),https://skipvid.ai/?via=aitoolsdirectory-com
